{"ResNet": 0.30733333333333335, "stage_ratio": 0.3411666666666667, "patchify_stem": 0.31266666666666665, "depth_conv": 0.4745, "width": 0.4515, "inverting_dims": 0.47483333333333333, "move": 0.4241666666666667, "kernel5": 0.4643333333333333, "kernel7": 0.44416666666666665, "kernel9": 0.42033333333333334, "gelu": 0.3825, "fewer_activations": 0.46016666666666667, "fewer_norms": 0.07883333333333334, "layernorm": 0.01, "convnext": 0.2738333333333333}